﻿<parameters>
  <parameter name="IIS Web Application Name" defaultValue="Default Web Site/IONS_deploy" tags="IisApp">
    <parameterEntry kind="ProviderPath" scope="IisApp" match="^E:\\Programming\\Visual_Studio_Projects\\Projects\\IONS\\IONS\\obj\\Debug\\Package\\PackageTmp$" />
    <parameterEntry kind="ProviderPath" scope="setAcl" match="^E:\\Programming\\Visual_Studio_Projects\\Projects\\IONS\\IONS\\obj\\Debug\\Package\\PackageTmp$" />
  </parameter>
  <parameter name="Add write permission to App_Data Folder" description="Add write permission to App_Data folder" defaultValue="{IIS Web Application Name}/App_Data" tags="Hidden">
    <parameterEntry kind="ProviderPath" scope="setAcl" match="^E:\\Programming\\Visual_Studio_Projects\\Projects\\IONS\\IONS\\obj\\Debug\\Package\\PackageTmp\\App_Data$" />
  </parameter>
  <parameter name="ConnectionString-Deployment Connection String" defaultValue="" tags="SqlConnectionString">
    <parameterEntry kind="ProviderPath" scope="dbFullSql" match="^E:\\Programming\\Visual_Studio_Projects\\Projects\\IONS\\IONS\\obj\\Debug\\AutoScripts\\ConnectionString-Deployment_SchemaOnly\.sql$" />
  </parameter>
  <parameter name="ConnectionString-Web.config Connection String" description="ConnectionString Connection String used in web.config by the application to access the database." defaultValue="Data Source=.\SQLEXPRESS;AttachDbFilename=|DataDirectory|\ASPNETDB.MDF;Integrated Security=True;User Instance=True" tags="SqlConnectionString">
    <parameterEntry kind="XmlFile" scope="E:\\Programming\\Visual_Studio_Projects\\Projects\\IONS\\IONS\\obj\\Debug\\Package\\PackageTmp\\web\.config$" match="/configuration/connectionStrings/add[@name='ConnectionString']/@connectionString" />
  </parameter>
</parameters>